Bachelor's,Master's,,,
SBS,O,,,
H,O,,,
H,B,,,
H,O,,,
E,B,,,
B,E,,,
O,B,,,
SBS,H,,,
NSM,E,,,
CSE,B,,,
O,O,,,
B,E,,,
B,SBS,,,
O,B,,,
O,CSE,,,
H,H,,,
B,B,,,
O,E,,,
SBS,E,,,
O,O,,,
H,O,,,
CSE,B,,,
CSE,B,,,
O,O,,,
CSE,E,,,
B,CSE,,,
H,NSM,,,
O,O,,,
O,B,,,
SBS,E,,,
SBS,H,,,
SBS,H,,,
B,B,,,
H,E,,,
NSM,SBS,,,
B,E,,,
B,E,,,
O,B,,,
SBS,O,,,
SBS,E,,,
B,SBS,,,
H,B,,,
SBS,B,,,
O,CSE,,,
B,H,,,
B,B,,,
O,B,,,
O,CSE,,,
B,SBS,,,
O,B,,,
O,CSE,,,
H,B,,,
SBS,E,,,
H,CSE,,,
CSE,B,,,
CSE,E,,,
B,CSE,,,
E,O,,,
CSE,E,,,
SBS,O,,,
SBS,B,,,
NSM,O,,,
NSM,E,,,
CSE,O,,,
H,B,,,
H,NSM,,,
E,H,,,
E,E,,,
SBS,B,,,
CSE,E,,,
NSM,B,,,
NSM,E,,,
SBS,B,,,
O,O,,,
H,E,,,
H,E,,,
B,H,,,
SBS,O,,,
SBS,O,,,
NSM,O,,,
H,CSE,,,
B,O,,,
B,O,,,
O,H,,,
O,B,,,
O,O,,,
NSM,B,,,
H,E,,,
E,CSE,,,
B,O,,,
E,E,,,
B,O,,,
O,SBS,,,
B,E,,,
B,E,,,
B,O,,,
O,SBS,,,
O,B,,,
O,B,,,
O,O,,,
